year,week,team,motion_snaps,play_action_pct,,,,,
2018,1,ari,13,0.139,,,,,
2018,1,atl,45,0.234,,,,,
2018,1,bal,41,0.375,,,,,
2018,1,buf,21,0.205,,,,,
2018,1,car,33,0.345,,,,,
2018,1,chi,22,0.256,,,,,
2018,1,cin,29,0.5,,,,,
2018,1,clv,41,0.17,,,,,
2018,1,dal,21,0.2,,,,,
2018,1,den,45,0.225,,,,,
2018,1,det,26,0.135,,,,,
2018,1,gb,18,0.146,,,,,
2018,1,hou,25,0.243,,,,,
2018,1,ind,22,0.091,,,,,
2018,1,jax,15,0.382,,,,,
2018,1,kc,31,0.321,,,,,
2018,1,lac,41,0.154,,,,,
2018,1,lar,39,0.471,,,,,
2018,1,lv,26,0.073,,,,,
2018,1,mia,30,0.345,,,,,
2018,1,min,27,0.205,,,,,
2018,1,ne,44,0.22,,,,,
2018,1,no,21,0.109,,,,,
2018,1,nyg,30,0.282,,,,,
2018,1,nyj,29,0.478,,,,,
2018,1,phi,28,0.27,,,,,
2018,1,pit,33,0.222,,,,,
2018,1,sea,22,0.205,,,,,
2018,1,sf,40,0.278,,,,,
2018,1,tb,24,0.25,,,,,
2018,1,ten,51,0.184,,,,,
2018,1,wsh,34,0.273,,,,,
2018,2,ari,17,0.071,,,,,
2018,2,atl,35,0.429,,,,,
2018,2,bal,28,0.186,,,,,
2018,2,buf,19,0.158,,,,,
2018,2,car,30,0.234,,,,,
2018,2,chi,23,0.167,,,,,
2018,2,cin,31,0.31,,,,,
2018,2,clv,24,0.242,,,,,
2018,2,dal,26,0.44,,,,,
2018,2,den,25,0.25,,,,,
2018,2,det,43,0.2,,,,,
2018,2,gb,36,0.261,,,,,
2018,2,hou,11,0.306,,,,,
2018,2,ind,29,0.188,,,,,
2018,2,jax,28,0.333,,,,,
2018,2,kc,24,0.172,,,,,
2018,2,lac,37,0.207,,,,,
2018,2,lar,41,0.353,,,,,
2018,2,lv,15,0.333,,,,,
2018,2,mia,18,0.185,,,,,
2018,2,min,28,0.24,,,,,
2018,2,ne,40,0.351,,,,,
2018,2,no,35,0.158,,,,,
2018,2,nyg,22,0.14,,,,,
2018,2,nyj,21,0.205,,,,,
2018,2,phi,26,0.392,,,,,
2018,2,pit,24,0.066,,,,,
2018,2,sea,23,0.143,,,,,
2018,2,sf,53,0.375,,,,,
2018,2,tb,24,0.314,,,,,
2018,2,ten,47,0.348,,,,,
2018,2,wsh,27,0.163,,,,,
2018,3,atl,47,0.263,,,,,
2018,3,bal,42,0.238,,,,,
2018,3,buf,31,0.68,,,,,
2018,3,car,51,0.48,,,,,
2018,3,chi,24,0.237,,,,,
2018,3,cin,39,0.354,,,,,
2018,3,clv,27,0.341,,,,,
2018,3,dal,27,0.154,,,,,
2018,3,den,28,0.162,,,,,
2018,3,det,34,0.216,,,,,
2018,3,gb,27,0.184,,,,,
2018,3,ten,44,0.333,,,,,
2018,3,hou,10,0.186,,,,,
2018,3,ind,22,0.163,,,,,
2018,3,jax,11,0.405,,,,,
2018,3,kc,33,0.325,,,,,
2018,3,lar,38,0.243,,,,,
2018,3,lv,17,0.262,,,,,
2018,3,mia,24,0.32,,,,,
2018,3,min,16,0.034,,,,,
2018,3,ne,15,0.214,,,,,
2018,3,no,39,0.18,,,,,
2018,3,nyg,27,0.212,,,,,
2018,3,nyj,22,0.333,,,,,
2018,3,phi,34,0.31,,,,,
2018,3,ari,26,0.2,,,,,
2018,3,pit,24,0.073,,,,,
2018,3,lac,40,0.125,,,,,
2018,3,sf,42,0.294,,,,,
2018,3,sea,30,0.214,,,,,
2018,3,tb,23,0.113,,,,,
2018,3,wsh,21,0.35,,,,,
2018,4,atl,41,0.238,,,,,
2018,4,bal,42,0.227,,,,,
2018,4,buf,16,0.125,,,,,
2018,4,chi,16,0.296,,,,,
2018,4,cin,31,0.25,,,,,
2018,4,clv,22,0.302,,,,,
2018,4,dal,32,0.367,,,,,
2018,4,den,30,0.216,,,,,
2018,4,det,24,0.121,,,,,
2018,4,gb,31,0.333,,,,,
2018,4,ten,56,0.283,,,,,
2018,4,hou,20,0.204,,,,,
2018,4,ind,21,0.182,,,,,
2018,4,jax,23,0.3,,,,,
2018,4,kc,26,0.283,,,,,
2018,4,lar,33,0.486,,,,,
2018,4,lv,27,0.115,,,,,
2018,4,mia,20,0.259,,,,,
2018,4,min,39,0.222,,,,,
2018,4,ne,43,0.343,,,,,
2018,4,no,31,0.314,,,,,
2018,4,nyg,16,0.227,,,,,
2018,4,nyj,17,0.081,,,,,
2018,4,phi,20,0.296,,,,,
2018,4,ari,31,0.321,,,,,
2018,4,pit,18,0.104,,,,,
2018,4,lac,48,0.325,,,,,
2018,4,sf,42,0.211,,,,,
2018,4,sea,30,0.25,,,,,
2018,4,tb,32,0.143,,,,,
2018,5,atl,35,0.137,,,,,
2018,5,bal,31,0.203,,,,,
2018,5,buf,26,0.381,,,,,
2018,5,car,44,0.333,,,,,
2018,5,cin,30,0.313,,,,,
2018,5,clv,32,0.146,,,,,
2018,5,dal,33,0.323,,,,,
2018,5,den,25,0.2,,,,,
2018,5,det,24,0.207,,,,,
2018,5,gb,19,0.125,,,,,
2018,5,ten,35,0.286,,,,,
2018,5,hou,26,0.244,,,,,
2018,5,ind,20,0.217,,,,,
2018,5,jax,18,0.061,,,,,
2018,5,kc,37,0.282,,,,,
2018,5,lar,39,0.394,,,,,
2018,5,lv,12,0.194,,,,,
2018,5,mia,32,0.211,,,,,
2018,5,min,34,0.342,,,,,
2018,5,ne,39,0.318,,,,,
2018,5,no,27,0.355,,,,,
2018,5,nyg,21,0.316,,,,,
2018,5,nyj,32,0.348,,,,,
2018,5,phi,28,0.237,,,,,
2018,5,ari,28,0.385,,,,,
2018,5,pit,30,0.207,,,,,
2018,5,lac,34,0.321,,,,,
2018,5,sf,60,0.241,,,,,
2018,5,sea,24,0.522,,,,,
2018,5,wsh,30,0.238,,,,,
2018,6,atl,43,0.31,,,,,
2018,6,bal,41,0.324,,,,,
2018,6,buf,30,0.323,,,,,
2018,6,car,34,0.268,,,,,
2018,6,chi,19,0.333,,,,,
2018,6,cin,19,0.222,,,,,
2018,6,clv,41,0.216,,,,,
2018,6,dal,33,0.267,,,,,
2018,6,den,22,0.186,,,,,
2018,6,gb,23,0.265,,,,,
2018,6,ten,30,0.231,,,,,
2018,6,hou,26,0.212,,,,,
2018,6,ind,17,0.163,,,,,
2018,6,jax,8,0.172,,,,,
2018,6,kc,34,0.278,,,,,
2018,6,lar,47,0.394,,,,,
2018,6,lv,20,0.108,,,,,
2018,6,mia,40,0.159,,,,,
2018,6,min,40,0.237,,,,,
2018,6,ne,49,0.405,,,,,
2018,6,nyg,12,0.085,,,,,
2018,6,nyj,17,0.406,,,,,
2018,6,phi,27,0.405,,,,,
2018,6,ari,25,0.343,,,,,
2018,6,pit,34,0.109,,,,,
2018,6,lac,40,0.227,,,,,
2018,6,sf,43,0.24,,,,,
2018,6,sea,27,0.333,,,,,
2018,6,tb,33,0.163,,,,,
2018,6,wsh,40,0.256,,,,,
2018,7,atl,36,0.381,,,,,
2018,7,bal,35,0.268,,,,,
2018,7,buf,7,0.242,,,,,
2018,7,car,28,0.39,,,,,
2018,7,chi,28,0.135,,,,,
2018,7,cin,27,0.229,,,,,
2018,7,clv,31,0.231,,,,,
2018,7,dal,33,0.179,,,,,
2018,7,den,33,0.417,,,,,
2018,7,det,22,0.217,,,,,
2018,7,ten,47,0.324,,,,,
2018,7,hou,26,0.28,,,,,
2018,7,ind,8,0.261,,,,,
2018,7,jax,10,0.13,,,,,
2018,7,kc,45,0.39,,,,,
2018,7,lar,40,0.48,,,,,
2018,7,mia,29,0.229,,,,,
2018,7,min,33,0.317,,,,,
2018,7,ne,49,0.243,,,,,
2018,7,no,23,0.194,,,,,
2018,7,nyg,23,0.238,,,,,
2018,7,nyj,34,0.378,,,,,
2018,7,phi,41,0.366,,,,,
2018,7,ari,27,0.156,,,,,
2018,7,lac,29,0.286,,,,,
2018,7,sf,47,0.265,,,,,
2018,7,tb,41,0.107,,,,,
2018,7,wsh,19,0.269,,,,,
2018,8,bal,27,0.174,,,,,
2018,8,buf,27,0.091,,,,,
2018,8,car,38,0.2,,,,,
2018,8,chi,37,0.29,,,,,
2018,8,cin,22,0.306,,,,,
2018,8,clv,26,0.105,,,,,
2018,8,den,36,0.308,,,,,
2018,8,det,18,0.14,,,,,
2018,8,gb,24,0.152,,,,,
2018,8,hou,19,0.25,,,,,
2018,8,ind,19,0.29,,,,,
2018,8,jax,17,0.044,,,,,
2018,8,kc,37,0.417,,,,,
2018,8,lar,45,0.317,,,,,
2018,8,lv,22,0.286,,,,,
2018,8,mia,33,0.15,,,,,
2018,8,min,33,0.178,,,,,
2018,8,ne,46,0.277,,,,,
2018,8,no,35,0.25,,,,,
2018,8,nyg,26,0.056,,,,,
2018,8,nyj,26,0.067,,,,,
2018,8,phi,27,0.353,,,,,
2018,8,ari,28,0.279,,,,,
2018,8,pit,28,0.189,,,,,
2018,8,sf,50,0.219,,,,,
2018,8,sea,30,0.526,,,,,
2018,8,tb,35,0.179,,,,,
2018,8,wsh,34,0.25,,,,,
2018,9,atl,49,0.425,,,,,
2018,9,bal,33,0.15,,,,,
2018,9,buf,28,0.189,,,,,
2018,9,car,44,0.481,,,,,
2018,9,chi,19,0.286,,,,,
2018,9,clv,21,0.267,,,,,
2018,9,dal,23,0.27,,,,,
2018,9,den,26,0.295,,,,,
2018,9,det,37,0.196,,,,,
2018,9,gb,26,0.205,,,,,
2018,9,ten,44,0.394,,,,,
2018,9,hou,30,0.214,,,,,
2018,9,kc,36,0.382,,,,,
2018,9,lar,30,0.325,,,,,
2018,9,lv,18,0.25,,,,,
2018,9,mia,34,0.143,,,,,
2018,9,min,27,0.217,,,,,
2018,9,ne,35,0.237,,,,,
2018,9,no,31,0.25,,,,,
2018,9,nyj,24,0.163,,,,,
2018,9,pit,39,0.143,,,,,
2018,9,lac,40,0.25,,,,,
2018,9,sf,36,0.455,,,,,
2018,9,sea,33,0.256,,,,,
2018,9,tb,31,0.227,,,,,
2018,9,wsh,32,0.082,,,,,
2018,10,atl,35,0.241,,,,,
2018,10,buf,30,0.333,,,,,
2018,10,car,26,0.147,,,,,
2018,10,chi,29,0.194,,,,,
2018,10,cin,13,0.259,,,,,
2018,10,clv,21,0.429,,,,,
2018,10,dal,34,0.375,,,,,
2018,10,det,26,0.146,,,,,
2018,10,gb,21,0.333,,,,,
2018,10,ten,33,0.259,,,,,
2018,10,ind,21,0.276,,,,,
2018,10,jax,28,0.282,,,,,
2018,10,kc,30,0.364,,,,,
2018,10,lar,31,0.439,,,,,
2018,10,lv,28,0.195,,,,,
2018,10,mia,25,0.116,,,,,
2018,10,ne,23,0.37,,,,,
2018,10,no,28,0.222,,,,,
2018,10,nyg,19,0.281,,,,,
2018,10,nyj,20,0.243,,,,,
2018,10,phi,26,0.304,,,,,
2018,10,ari,19,0.25,,,,,
2018,10,pit,31,0.143,,,,,
2018,10,lac,34,0.481,,,,,
2018,10,sf,51,0.256,,,,,
2018,10,sea,32,0.333,,,,,
2018,10,tb,35,0.186,,,,,
2018,10,wsh,29,0.233,,,,,
2018,11,atl,30,0.297,,,,,
2018,11,bal,38,0.364,,,,,
2018,11,car,34,0.244,,,,,
2018,11,chi,39,0.219,,,,,
2018,11,cin,30,0.237,,,,,
2018,11,dal,32,0.265,,,,,
2018,11,den,27,0.152,,,,,
2018,11,det,25,0.263,,,,,
2018,11,gb,17,0.257,,,,,
2018,11,ten,28,0.147,,,,,
2018,11,hou,25,0.37,,,,,
2018,11,ind,20,0.438,,,,,
2018,11,jax,25,0.042,,,,,
2018,11,kc,36,0.306,,,,,
2018,11,lar,35,0.352,,,,,
2018,11,lv,24,0.171,,,,,
2018,11,min,27,0.104,,,,,
2018,11,no,32,0.188,,,,,
2018,11,nyg,25,0.591,,,,,
2018,11,phi,14,0.222,,,,,
2018,11,ari,28,0.381,,,,,
2018,11,pit,15,0.041,,,,,
2018,11,lac,42,0.217,,,,,
2018,11,sea,29,0.294,,,,,
2018,11,tb,26,0.237,,,,,
2018,11,wsh,24,0.182,,,,,
2018,12,atl,39,0.226,,,,,
2018,12,bal,37,0.346,,,,,
2018,12,buf,20,0.421,,,,,
2018,12,car,45,0.533,,,,,
2018,12,chi,25,0.262,,,,,
2018,12,cin,27,0.064,,,,,
2018,12,clv,18,0.346,,,,,
2018,12,dal,39,0.257,,,,,
2018,12,den,20,0.233,,,,,
2018,12,det,27,0.175,,,,,
2018,12,gb,19,0.188,,,,,
2018,12,ten,29,0.172,,,,,
2018,12,hou,23,0.25,,,,,
2018,12,ind,26,0.256,,,,,
2018,12,jax,26,0.346,,,,,
2018,12,lv,23,0.243,,,,,
2018,12,mia,18,0.385,,,,,
2018,12,min,36,0.225,,,,,
2018,12,ne,42,0.355,,,,,
2018,12,no,35,0.292,,,,,
2018,12,nyg,12,0.231,,,,,
2018,12,nyj,28,0.234,,,,,
2018,12,phi,32,0.387,,,,,
2018,12,ari,28,0.476,,,,,
2018,12,pit,25,0.133,,,,,
2018,12,lac,43,0.278,,,,,
2018,12,sf,37,0.306,,,,,
2018,12,sea,26,0.455,,,,,
2018,12,tb,32,0.179,,,,,
2018,12,wsh,22,0.146,,,,,
2018,13,atl,27,0.267,,,,,
2018,13,bal,43,0.321,,,,,
2018,13,buf,17,0.286,,,,,
2018,13,car,30,0.261,,,,,
2018,13,chi,39,0.111,,,,,
2018,13,cin,33,0.22,,,,,
2018,13,clv,16,0.186,,,,,
2018,13,dal,31,0.229,,,,,
2018,13,den,38,0.261,,,,,
2018,13,det,34,0.316,,,,,
2018,13,gb,16,0.157,,,,,
2018,13,ten,41,0.263,,,,,
2018,13,hou,19,0.229,,,,,
2018,13,ind,21,0.182,,,,,
2018,13,jax,20,0.111,,,,,
2018,13,kc,40,0.237,,,,,
2018,13,lar,38,0.4,,,,,
2018,13,lv,19,0.146,,,,,
2018,13,mia,20,0.259,,,,,
2018,13,min,24,0.13,,,,,
2018,13,ne,47,0.281,,,,,
2018,13,no,29,0.2,,,,,
2018,13,nyg,37,0.282,,,,,
2018,13,nyj,38,0.313,,,,,
2018,13,phi,45,0.462,,,,,
2018,13,ari,33,0.321,,,,,
2018,13,pit,22,0.13,,,,,
2018,13,lac,34,0.079,,,,,
2018,13,sf,47,0.176,,,,,
2018,13,sea,22,0.35,,,,,
2018,13,tb,33,0.235,,,,,
2018,13,wsh,15,0.321,,,,,
2018,14,atl,35,0.159,,,,,
2018,14,bal,46,0.429,,,,,
2018,14,buf,24,0.275,,,,,
2018,14,car,37,0.159,,,,,
2018,14,chi,36,0.29,,,,,
2018,14,cin,30,0.267,,,,,
2018,14,clv,17,0.417,,,,,
2018,14,dal,34,0.14,,,,,
2018,14,den,38,0.295,,,,,
2018,14,det,25,0.125,,,,,
2018,14,gb,25,0.111,,,,,
2018,14,ten,35,0.44,,,,,
2018,14,hou,24,0.279,,,,,
2018,14,ind,12,0.209,,,,,
2018,14,jax,16,0.149,,,,,
2018,14,kc,51,0.304,,,,,
2018,14,lar,23,0.208,,,,,
2018,14,lv,19,0.105,,,,,
2018,14,mia,19,0.292,,,,,
2018,14,min,19,0.257,,,,,
2018,14,ne,46,0.333,,,,,
2018,14,no,41,0.25,,,,,
2018,14,nyg,17,0.31,,,,,
2018,14,nyj,34,0.4,,,,,
2018,14,phi,21,0.176,,,,,
2018,14,ari,26,0.205,,,,,
2018,14,pit,27,0.154,,,,,
2018,14,lac,36,0.129,,,,,
2018,14,sf,50,0.194,,,,,
2018,14,sea,24,0.409,,,,,
2018,14,tb,23,0.214,,,,,
2018,14,wsh,19,0.171,,,,,
2018,15,atl,41,0.263,,,,,
2018,15,bal,47,0.44,,,,,
2018,15,buf,22,0.296,,,,,
2018,15,car,24,0.147,,,,,
2018,15,chi,31,0.207,,,,,
2018,15,cin,30,0.382,,,,,
2018,15,clv,27,0.121,,,,,
2018,15,dal,19,0.214,,,,,
2018,15,den,36,0.26,,,,,
2018,15,det,32,0.31,,,,,
2018,15,gb,13,0.106,,,,,
2018,15,ten,37,0.455,,,,,
2018,15,hou,17,0.353,,,,,
2018,15,ind,27,0.148,,,,,
2018,15,jax,23,0.13,,,,,
2018,15,kc,35,0.25,,,,,
2018,15,lar,30,0.179,,,,,
2018,15,lv,21,0.163,,,,,
2018,15,mia,30,0.182,,,,,
2018,15,min,30,0.348,,,,,
2018,15,ne,33,0.242,,,,,
2018,15,no,33,0.216,,,,,
2018,15,nyg,11,0.17,,,,,
2018,15,nyj,25,0.146,,,,,
2018,15,phi,21,0.258,,,,,
2018,15,ari,30,0.14,,,,,
2018,15,pit,29,0.028,,,,,
2018,15,lac,35,0.209,,,,,
2018,15,sf,38,0.375,,,,,
2018,15,sea,29,0.324,,,,,
2018,15,tb,26,0.192,,,,,
2018,15,wsh,25,0.393,,,,,
2018,16,atl,28,0.296,,,,,
2018,16,bal,37,0.52,,,,,
2018,16,buf,11,0.195,,,,,
2018,16,car,37,0.322,,,,,
2018,16,chi,35,0.25,,,,,
2018,16,cin,27,0.136,,,,,
2018,16,clv,28,0.289,,,,,
2018,16,dal,29,0.308,,,,,
2018,16,den,26,0.184,,,,,
2018,16,det,26,0.152,,,,,
2018,16,gb,20,0.153,,,,,
2018,16,ten,39,0.429,,,,,
2018,16,hou,23,0.25,,,,,
2018,16,ind,23,0.208,,,,,
2018,16,jax,30,0.233,,,,,
2018,16,kc,31,0.171,,,,,
2018,16,lar,46,0.423,,,,,
2018,16,lv,25,0.185,,,,,
2018,16,mia,17,0.24,,,,,
2018,16,min,27,0.4,,,,,
2018,16,ne,51,0.269,,,,,
2018,16,no,35,0.071,,,,,
2018,16,nyg,25,0.485,,,,,
2018,16,nyj,33,0.351,,,,,
2018,16,phi,24,0.216,,,,,
2018,16,ari,20,0.057,,,,,
2018,16,pit,24,0.132,,,,,
2018,16,lac,30,0.171,,,,,
2018,16,sf,38,0.154,,,,,
2018,16,sea,27,0.313,,,,,
2018,16,tb,31,0.118,,,,,
2018,16,wsh,35,0.4,,,,,
2018,17,atl,49,0.326,,,,,
2018,17,bal,49,0.462,,,,,
2018,17,buf,11,0.222,,,,,
2018,17,car,41,0.484,,,,,
2018,17,chi,20,0.115,,,,,
2018,17,cin,22,0.214,,,,,
2018,17,clv,26,0.167,,,,,
2018,17,dal,24,0.208,,,24.99,,14.99
2018,17,den,28,0.224,,,PFF,FTN,NGS
2018,17,det,36,0.176,,,,,defense type: base
2018,17,gb,17,0.093,,,,,defense type:nickel
2018,17,ten,33,0.241,,,,,defense type: dime
2018,17,hou,38,0.268,,,,,db: targets against
2018,17,ind,26,0.306,,,,,
2018,17,jax,13,0.032,,,,,
2018,17,kc,31,0.37,,,,,
2018,17,lar,38,0.345,,,,,
2018,17,lv,29,0.306,,,,,
2018,17,mia,16,0.139,,,,,
2018,17,min,14,0.162,,,,,
2018,17,ne,42,0.324,,,,,
2018,17,no,26,0.417,,,,,
2018,17,nyg,19,0.333,,,,,
2018,17,nyj,27,0.25,,,,,
2018,17,phi,50,0.324,,,,,
2018,17,ari,53,0.275,,,,,
2018,17,pit,29,0.065,,,,,
2018,17,lac,32,0.28,,,,,
2018,17,sf,47,0.278,,,,,
2018,17,sea,32,0.407,,,,,
2018,17,tb,29,0.194,,,,,
2018,17,wsh,19,0.156,,,,,
2019,1,atl,30,0.24,,,,,
2019,1,bal,47,0.481,,,,,
2019,1,buf,18,0,,,,,
2019,1,car,38,0.293,,,,,
2019,1,chi,27,0.14,,,,,
2019,1,cin,27,0.393,,,,,
2019,1,clv,17,0.186,,,,,
2019,1,dal,44,0.5,,,,,
2019,1,den,33,0.118,,,,,
2019,1,det,41,0.208,,,,,
2019,1,gb,27,0.2,,,,,
2019,1,ten,38,0.464,,,,,
2019,1,hou,34,0.278,,,,,
2019,1,ind,32,0.241,,,,,
2019,1,jax,14,0.206,,,,,
2019,1,kc,34,0.5,,,,,
2019,1,lar,36,0.3,,,,,
2019,1,lv,26,0.231,,,,,
2019,1,mia,22,0.257,,,,,
2019,1,min,33,0.455,,,,,
2019,1,ne,48,0.342,,,,,
2019,1,no,23,0.068,,,,,
2019,1,nyg,24,0.306,,,,,
2019,1,nyj,19,0.156,,,,,
2019,1,phi,42,0.325,,,,,
2019,1,ari,26,0.136,,,,,
2019,1,pit,22,0.021,,,,,
2019,1,lac,47,0.342,,,,,
2019,1,sf,46,0.357,,,,,
2019,1,sea,27,0.333,,,,,
2019,1,tb,40,0.282,,,,,
2019,1,wsh,26,0.244,,,,,
2019,2,atl,24,0.227,,,,,
2019,2,bal,58,0.385,,,,,
2019,2,buf,32,0.242,,,,,
2019,2,car,45,0.389,,,,,
2019,2,chi,18,0.333,,,,,
2019,2,cin,37,0.261,,,,,
2019,2,clv,27,0.211,,,,,
2019,2,dal,48,0.387,,,,,
2019,2,den,45,0.173,,,,,
2019,2,det,17,0.367,,,,,
2019,2,gb,38,0.306,,,,,
2019,2,ten,42,0.344,,,,,
2019,2,hou,43,0.333,,,,,
2019,2,ind,29,0.387,,,,,
2019,2,jax,7,0.135,,,,,
2019,2,kc,49,0.37,,,,,
2019,2,lar,27,0.387,,,,,
2019,2,lv,25,0.22,,,,,
2019,2,mia,26,0.239,,,,,
2019,2,min,29,0.273,,,,,
2019,2,ne,48,0.233,,,,,
2019,2,no,25,0.081,,,,,
2019,2,nyg,27,0.217,,,,,
2019,2,nyj,19,0.257,,,,,
2019,2,phi,27,0.098,,,,,
2019,2,ari,19,0.256,,,,,
2019,2,pit,25,0.229,,,,,
2019,2,lac,53,0.459,,,,,
2019,2,sf,52,0.385,,,,,
2019,2,sea,36,0.051,,,,,
2019,2,tb,36,0.25,,,,,
2019,2,wsh,33,0.132,,,,,
2019,3,atl,31,0.235,,,,,
2019,3,bal,45,0.239,,,,,
2019,3,buf,40,0.27,,,,,
2019,3,car,40,0.357,,,,,
2019,3,chi,20,0.265,,,,,
2019,3,cin,31,0.263,,,,,
2019,3,clv,21,0.308,,,,,
2019,3,dal,42,0.333,,,,,
2019,3,den,32,0.086,,,,,
2019,3,det,27,0.344,,,,,
2019,3,gb,23,0.345,,,,,
2019,3,ten,52,0.265,,,,,
2019,3,hou,35,0.25,,,,,
2019,3,ind,29,0.421,,,,,
2019,3,jax,20,0.133,,,,,
2019,3,kc,42,0.421,,,,,
2019,3,lar,31,0.45,,,,,
2019,3,lv,19,0.237,,,,,
2019,3,mia,24,0.25,,,,,
2019,3,min,32,0.429,,,,,
2019,3,ne,56,0.304,,,,,
2019,3,no,18,0.148,,,,,
2019,3,nyg,27,0.195,,,,,
2019,3,nyj,20,0.259,,,,,
2019,3,phi,26,0.154,,,,,
2019,3,ari,21,0.157,,,,,
2019,3,pit,35,0.241,,,,,
2019,3,lac,42,0.235,,,,,
2019,3,sf,61,0.455,,,,,
2019,3,sea,26,0.14,,,,,
2019,3,tb,39,0.171,,,,,
2019,3,wsh,20,0.298,,,,,
2019,4,atl,42,0.241,,,,,
2019,4,bal,39,0.237,,,,,
2019,4,buf,21,0.122,,,,,
2019,4,car,44,0.27,,,,,
2019,4,chi,31,0.206,,,,,
2019,4,cin,32,0.2,,,,,
2019,4,clv,31,0.219,,,,,
2019,4,dal,37,0.206,,,,,
2019,4,den,34,0.237,,,,,
2019,4,det,50,0.211,,,,,
2019,4,gb,22,0.13,,,,,
2019,4,ten,48,0.407,,,,,
2019,4,hou,33,0.15,,,,,
2019,4,ind,28,0.239,,,,,
2019,4,jax,25,0.211,,,,,
2019,4,kc,51,0.238,,,,,
2019,4,lar,37,0.114,,,,,
2019,4,lv,30,0.281,,,,,
2019,4,mia,22,0.034,,,,,
2019,4,min,10,0.119,,,,,
2019,4,ne,46,0.179,,,,,
2019,4,no,31,0.229,,,,,
2019,4,nyg,36,0.258,,,,,
2019,4,phi,25,0.444,,,,,
2019,4,ari,10,0.222,,,,,
2019,4,pit,35,0.258,,,,,
2019,4,lac,48,0.344,,,,,
2019,4,sea,35,0.281,,,,,
2019,4,tb,36,0.256,,,,,
2019,4,wsh,19,0.29,,,,,
2019,5,atl,21,0.104,,,,,
2019,5,bal,52,0.121,,,,,
2019,5,buf,16,0.333,,,,,
2019,5,car,42,0.235,,,,,
2019,5,chi,23,0.176,,,,,
2019,5,cin,23,0.256,,,,,
2019,5,clv,28,0.393,,,,,
2019,5,dal,41,0.17,,,,,
2019,5,den,30,0.174,,,,,
2019,5,gb,31,0.194,,,,,
2019,5,ten,40,0.296,,,,,
2019,5,hou,20,0.273,,,,,
2019,5,ind,34,0.414,,,,,
2019,5,jax,33,0.13,,,,,
2019,5,kc,37,0.349,,,,,
2019,5,lar,28,0.245,,,,,
2019,5,lv,24,0.219,,,,,
2019,5,min,24,0.333,,,,,
2019,5,ne,46,0.255,,,,,
2019,5,no,26,0.278,,,,,
2019,5,nyg,18,0.214,,,,,
2019,5,nyj,26,0.278,,,,,
2019,5,phi,32,0.2,,,,,
2019,5,ari,33,0.212,,,,,
2019,5,pit,26,0.25,,,,,
2019,5,lac,32,0.021,,,,,
2019,5,sf,61,0.194,,,,,
2019,5,sea,41,0.333,,,,,
2019,5,tb,23,0.182,,,,,
2019,5,wsh,25,0.152,,,,,
2019,6,atl,25,0.289,,,,,
2019,6,bal,61,0.382,,,,,
2019,6,car,46,0.412,,,,,
2019,6,cin,24,0.195,,,,,
2019,6,clv,28,0.243,,,,,
2019,6,dal,40,0.146,,,,,
2019,6,den,37,0.138,,,,,
2019,6,det,26,0.171,,,,,
2019,6,gb,42,0.125,,,,,
2019,6,ten,45,0.22,,,,,
2019,6,hou,36,0.357,,,,,
2019,6,jax,31,0.194,,,,,
2019,6,kc,32,0.306,,,,,
2019,6,lar,22,0.179,,,,,
2019,6,mia,36,0.188,,,,,
2019,6,min,33,0.433,,,,,
2019,6,ne,51,0.318,,,,,
2019,6,no,35,0.179,,,,,
2019,6,nyg,18,0.219,,,,,
2019,6,nyj,13,0.206,,,,,
2019,6,phi,24,0.349,,,,,
2019,6,ari,19,0.405,,,,,
2019,6,pit,32,0.15,,,,,
2019,6,lac,33,0.111,,,,,
2019,6,sf,57,0.171,,,,,
2019,6,sea,39,0.278,,,,,
2019,6,tb,29,0.131,,,,,
2019,6,wsh,47,0.4,,,,,
2019,7,atl,25,0.132,,,,,
2019,7,bal,39,0.429,,,,,
2019,7,buf,25,0.357,,,,,
2019,7,chi,21,0.089,,,,,
2019,7,cin,36,0.178,,,,,
2019,7,dal,51,0.3,,,,,
2019,7,den,33,0.116,,,,,
2019,7,det,24,0.17,,,,,
2019,7,gb,37,0.281,,,,,
2019,7,ten,49,0.25,,,,,
2019,7,hou,33,0.27,,,,,
2019,7,ind,30,0.463,,,,,
2019,7,jax,30,0.206,,,,,
2019,7,kc,38,0.387,,,,,
2019,7,lar,29,0.368,,,,,
2019,7,lv,41,0.032,,,,,
2019,7,mia,19,0.278,,,,,
2019,7,min,31,0.471,,,,,
2019,7,ne,53,0.222,,,,,
2019,7,no,23,0.231,,,,,
2019,7,nyg,25,0.279,,,,,
2019,7,nyj,16,0.152,,,,,
2019,7,phi,27,0.103,,,,,
2019,7,ari,34,0.348,,,,,
2019,7,lac,33,0.205,,,,,
2019,7,sf,51,0.435,,,,,
2019,7,sea,32,0.167,,,,,
2019,7,wsh,30,0.267,,,,,
2019,8,atl,33,0.278,,,,,
2019,8,buf,17,0.184,,,,,
2019,8,car,41,0.273,,,,,
2019,8,chi,22,0.205,,,,,
2019,8,cin,23,0.175,,,,,
2019,8,clv,20,0.278,,,,,
2019,8,den,40,0.286,,,,,
2019,8,det,23,0.222,,,,,
2019,8,gb,36,0.237,,,,,
2019,8,ten,35,0.167,,,,,
2019,8,hou,19,0.381,,,,,
2019,8,ind,19,0.172,,,,,
2019,8,jax,33,0.222,,,,,
2019,8,kc,48,0.447,,,,,
2019,8,lar,36,0.258,,,,,
2019,8,lv,18,0.167,,,,,
2019,8,mia,21,0.105,,,,,
2019,8,min,26,0.345,,,,,
2019,8,ne,39,0.205,,,,,
2019,8,no,36,0.186,,,,,
2019,8,nyg,22,0.182,,,,,
2019,8,nyj,19,0.184,,,,,
2019,8,phi,30,0.407,,,,,
2019,8,ari,27,0.289,,,,,
2019,8,pit,29,0.263,,,,,
2019,8,lac,27,0.233,,,,,
2019,8,sf,51,0.28,,,,,
2019,8,sea,30,0.182,,,,,
2019,8,tb,33,0.109,,,,,
2019,8,wsh,22,0.32,,,,,
2019,9,bal,58,0.292,,,,,
2019,9,buf,38,0.227,,,,,
2019,9,car,52,0.429,,,,,
2019,9,chi,13,0.167,,,,,
2019,9,clv,23,0.182,,,,,
2019,9,dal,46,0.4,,,,,
2019,9,den,34,0.261,,,,,
2019,9,det,25,0.302,,,,,
2019,9,gb,18,0.079,,,,,
2019,9,ten,31,0.093,,,,,
2019,9,hou,48,0.414,,,,,
2019,9,ind,30,0.25,,,,,
2019,9,jax,17,0.118,,,,,
2019,9,kc,36,0.325,,,,,
2019,9,lv,38,0.25,,,,,
2019,9,mia,25,0.175,,,,,
2019,9,min,30,0.333,,,,,
2019,9,ne,37,0.208,,,,,
2019,9,nyg,25,0.13,,,,,
2019,9,nyj,30,0.19,,,,,
2019,9,phi,34,0.302,,,,,
2019,9,ari,20,0.222,,,,,
2019,9,pit,28,0.194,,,,,
2019,9,lac,40,0.267,,,,,
2019,9,sf,54,0.237,,,,,
2019,9,sea,38,0.261,,,,,
2019,9,tb,47,0.217,,,,,
2019,9,wsh,21,0.308,,,,,
2019,10,atl,34,0.139,,,,,
2019,10,bal,36,0.435,,,,,
2019,10,buf,17,0.286,,,,,
2019,10,car,41,0.304,,,,,
2019,10,chi,16,0.179,,,,,
2019,10,cin,44,0.188,,,,,
2019,10,clv,30,0.35,,,,,
2019,10,dal,40,0.313,,,,,
2019,10,det,24,0.188,,,,,
2019,10,gb,36,0.419,,,,,
2019,10,ten,30,0.304,,,,,
2019,10,ind,40,0.2,,,,,
2019,10,kc,50,0.245,,,,,
2019,10,lar,26,0.13,,,,,
2019,10,lv,28,0.265,,,,,
2019,10,mia,23,0.167,,,,,
2019,10,min,23,0.333,,,,,
2019,10,no,23,0.058,,,,,
2019,10,nyg,19,0.109,,,,,
2019,10,nyj,28,0.219,,,,,
2019,10,ari,23,0.362,,,,,
2019,10,pit,39,0.073,,,,,
2019,10,lac,40,0.167,,,,,
2019,10,sf,58,0.275,,,,,
2019,10,sea,37,0.487,,,,,
2019,10,tb,50,192,,,,,
2019,11,atl,36,0.229,,,,,
2019,11,bal,48,0.444,,,,,
2019,11,buf,21,0.212,,,,,
2019,11,car,32,0.236,,,,,
2019,11,chi,26,0.18,,,,,
2019,11,cin,26,0.222,,,,,
2019,11,clv,39,0.333,,,,,
2019,11,dal,42,0.383,,,,,
2019,11,den,49,0.286,,,,,
2019,11,det,21,0.172,,,,,
2019,11,hou,36,0.324,,,,,
2019,11,ind,38,0.259,,,,,
2019,11,jax,14,0.082,,,,,
2019,11,kc,44,0.242,,,,,
2019,11,lar,29,0.5,,,,,
2019,11,lv,36,0.156,,,,,
2019,11,mia,24,0.058,,,,,
2019,11,min,12,0.125,,,,,
2019,11,ne,41,0.245,,,,,
2019,11,no,31,0.111,,,,,
2019,11,nyj,31,0.303,,,,,
2019,11,phi,38,0.2,,,,,
2019,11,ari,29,0.432,,,,,
2019,11,pit,25,0.104,,,,,
2019,11,lac,42,0.093,,,,,
2019,11,sf,59,0.234,,,,,
2019,11,tb,22,0.057,,,,,
2019,11,wsh,23,0.098,,,,,
2019,12,atl,32,0.18,,,,,
2019,12,bal,59,0.269,,,,,
2019,12,buf,14,0.308,,,,,
2019,12,car,51,0.375,,,,,
2019,12,chi,43,0.326,,,,,
2019,12,cin,30,0.133,,,,,
2019,12,clv,21,0.514,,,,,
2019,12,dal,40,0.242,,,,,
2019,12,den,22,0.276,,,,,
2019,12,det,30,0.128,,,,,
2019,12,gb,37,0.31,,,,,
2019,12,ten,34,0.526,,,,,
2019,12,hou,22,0.097,,,,,
2019,12,ind,25,0.115,,,,,
2019,12,jax,16,0.216,,,,,
2019,12,lar,23,0.179,,,,,
2019,12,lv,17,0.143,,,,,
2019,12,mia,26,0.116,,,,,
2019,12,ne,46,0.077,,,,,
2019,12,no,29,0.122,,,,,
2019,12,nyg,18,0.162,,,,,
2019,12,nyj,25,0.2,,,,,
2019,12,phi,47,0.208,,,,,
2019,12,pit,37,0.167,,,,,
2019,12,sf,36,0.261,,,,,
2019,12,sea,30,0.419,,,,,
2019,12,tb,34,0.25,,,,,
2019,12,wsh,36,0.273,,,,,
2019,13,atl,38,0.153,,,,,
2019,13,bal,49,0.583,,,,,
2019,13,buf,26,0.172,,,,,
2019,13,car,34,0.226,,,,,
2019,13,chi,32,0.385,,,,,
2019,13,cin,29,0.184,,,,,
2019,13,clv,28,0.205,,,,,
2019,13,dal,37,0.17,,,,,
2019,13,den,33,0.214,,,,,
2019,13,det,28,0.2,,,,,
2019,13,gb,28,0.273,,,,,
2019,13,ten,34,0.393,,,,,
2019,13,hou,25,0.138,,,,,
2019,13,ind,29,0.279,,,,,
2019,13,jax,20,0.109,,,,,
2019,13,kc,35,0.4,,,,,
2019,13,lar,43,0.391,,,,,
2019,13,lv,29,0.188,,,,,
2019,13,mia,34,0.093,,,,,
2019,13,min,21,0.132,,,,,
2019,13,ne,47,0.22,,,,,
2019,13,no,23,0.258,,,,,
2019,13,nyg,23,0.216,,,,,
2019,13,nyj,15,0.192,,,,,
2019,13,phi,24,0.354,,,,,
2019,13,ari,13,0.225,,,,,
2019,13,pit,29,0.136,,,,,
2019,13,lac,44,0.344,,,,,
2019,13,sf,42,0.217,,,,,
2019,13,sea,34,0.303,,,,,
2019,13,tb,38,0.216,,,,,
2019,13,wsh,33,0.3,,,,,
2019,14,atl,34,0.314,,,,,
2019,14,bal,52,0.269,,,,,
2019,14,buf,17,0.111,,,,,
2019,14,car,36,0.348,,,,,
2019,14,chi,36,0.182,,,,,
2019,14,cin,33,0.268,,,,,
2019,14,clv,30,0.4,,,,,
2019,14,dal,33,0.078,,,,,
2019,14,den,31,0.286,,,,,
2019,14,det,17,0.156,,,,,
2019,14,gb,34,0.344,,,,,
2019,14,ten,35,0.519,,,,,
2019,14,hou,22,0.208,,,,,
2019,14,ind,30,0.189,,,,,
2019,14,jax,17,0.075,,,,,
2019,14,kc,48,0.195,,,,,
2019,14,lar,44,0.375,,,,,
2019,14,lv,24,0.222,,,,,
2019,14,mia,24,0.205,,,,,
2019,14,min,24,0.516,,,,,
2019,14,ne,38,0.275,,,,,
2019,14,no,34,0.171,,,,,
2019,14,nyg,21,0.156,,,,,
2019,14,nyj,16,0.243,,,,,
2019,14,phi,41,0.321,,,,,
2019,14,ari,19,0.229,,,,,
2019,14,pit,31,0.182,,,,,
2019,14,lac,39,0.286,,,,,
2019,14,sf,53,0.385,,,,,
2019,14,sea,24,0.244,,,,,
2019,14,tb,42,0.12,,,,,
2019,14,wsh,36,0.097,,,,,
2019,15,atl,40,0.171,,,,,
2019,15,bal,44,0.4,,,,,
2019,15,buf,21,0.346,,,,,
2019,15,car,41,0.395,,,,,
2019,15,chi,39,0.179,,,,,
2019,15,cin,28,0.29,,,,,
2019,15,clv,31,0.068,,,,,
2019,15,dal,48,0.348,,,,,
2019,15,den,29,0.238,,,,,
2019,15,det,37,0.156,,,,,
2019,15,gb,24,0.235,,,,,
2019,15,ten,33,0.128,,,,,
2019,15,hou,45,0.357,,,,,
2019,15,ind,26,0.257,,,,,
2019,15,jax,16,0.194,,,,,
2019,15,kc,32,0.108,,,,,
2019,15,lar,33,0.222,,,,,
2019,15,lv,38,0.2,,,,,
2019,15,mia,26,0.227,,,,,
2019,15,min,38,0.28,,,,,
2019,15,ne,39,0.355,,,,,
2019,15,no,32,0.167,,,,,
2019,15,nyg,32,0.367,,,,,
2019,15,nyj,18,0.303,,,,,
2019,15,phi,44,0.467,,,,,
2019,15,ari,34,0.2,,,,,
2019,15,pit,36,0.119,,,,,
2019,15,lac,35,0.167,,,,,
2019,15,sf,52,0.429,,,,,
2019,15,sea,37,0.483,,,,,
2019,15,tb,36,0.182,,,,,
2019,15,wsh,26,0.207,,,,,
2019,16,atl,36,0.261,,,,,
2019,16,bal,46,0.258,,,,,
2019,16,buf,23,0.233,,,,,
2019,16,car,38,0.22,,,,,
2019,16,chi,27,0.162,,,,,
2019,16,cin,33,0.117,,,,,
2019,16,clv,36,0.235,,,,,
2019,16,dal,25,0.13,,,,,
2019,16,den,32,0.294,,,,,
2019,16,det,17,0.071,,,,,
2019,16,gb,31,0.326,,,,,
2019,16,ten,35,0.344,,,,,
2019,16,hou,22,0.162,,,,,
2019,16,ind,16,0.3,,,,,
2019,16,jax,23,0.086,,,,,
2019,16,kc,34,0.176,,,,,
2019,16,lar,40,0.609,,,,,
2019,16,lv,27,0.273,,,,,
2019,16,mia,53,0.278,,,,,
2019,16,min,25,0.135,,,,,
2019,16,ne,50,0.303,,,,,
2019,16,no,23,0.209,,,,,
2019,16,nyg,41,0.116,,,,,
2019,16,nyj,26,0.107,,,,,
2019,16,phi,35,0.317,,,,,
2019,16,ari,28,0.207,,,,,
2019,16,pit,29,0.049,,,,,
2019,16,lac,31,0.175,,,,,
2019,16,sf,45,0.333,,,,,
2019,16,sea,21,0.25,,,,,
2019,16,tb,39,0.196,,,,,
2019,16,wsh,45,0.244,,,,,
2019,17,atl,51,0.158,,,,,
2019,17,bal,55,0.25,,,,,
2019,17,buf,33,0.293,,,,,
2019,17,car,39,0.235,,,,,
2019,17,chi,32,0.195,,,,,
2019,17,cin,40,0.31,,,,,
2019,17,clv,19,0.273,,,,,
2019,17,dal,46,0.333,,,,,
2019,17,den,36,0.233,,,,,
2019,17,det,37,0.29,,,,,
2019,17,gb,41,0.268,,,,,
2019,17,ten,38,0.429,,,,,
2019,17,hou,30,0.275,,,,,
2019,17,ind,28,0.25,,,,,
2019,17,jax,19,0.167,,,,,
2019,17,kc,29,0.36,,,,,
2019,17,lar,42,0.457,,,,,
2019,17,lv,27,0.104,,,,,
2019,17,mia,43,0.13,,,,,
2019,17,min,29,0.19,,,,,
2019,17,ne,34,0.133,,,,,
2019,17,no,28,0.375,,,,,
2019,17,nyg,27,0.216,,,,,
2019,17,nyj,22,0.237,,,,,
2019,17,phi,34,0.415,,,,,
2019,17,ari,17,0.318,,,,,
2019,17,pit,24,0.074,,,,,
2019,17,lac,44,0.122,,,,,
2019,17,sf,39,0.458,,,,,
2019,17,sea,29,0.146,,,,,
2019,17,tb,29,0.16,,,,,
2019,17,wsh,32,0.282,,,,,
2020,1,atl,37,0.161,,,,,
2020,1,bal,43,0.464,,,,,
2020,1,buf,55,0.367,,,,,
2020,1,car,36,0.229,,,,,
2020,1,chi,41,0.324,,,,,
2020,1,cin,27,0.154,,,,,
2020,1,clv,38,0.195,,,,,
2020,1,dal,28,0.238,,,,,
2020,1,den,23,0.303,,,,,
2020,1,det,47,0.256,,,,,
2020,1,gb,51,0.273,,,,,
2020,1,ten,35,0.318,,,,,
2020,1,hou,18,0.167,,,,,
2020,1,ind,27,0.255,,,,,
2020,1,jax,26,0.375,,,,,
2020,1,kc,47,0.333,,,,,
2020,1,lar,43,0.375,,,,,
2020,1,lv,35,0.267,,,,,
2020,1,mia,28,0.161,,,,,
2020,1,min,21,0.074,,,,,
2020,1,ne,43,0.476,,,,,
2020,1,no,37,0.156,,,,,
2020,1,nyg,16,0.205,,,,,
2020,1,nyj,26,0.132,,,,,
2020,1,phi,26,0.3,,,,,
2020,1,ari,36,0.214,,,,,
2020,1,pit,42,0.118,,,,,
2020,1,lac,46,0.375,,,,,
2020,1,sf,45,0.306,,,,,
2020,1,sea,43,0.263,,,,,
2020,1,tb,36,0.179,,,,,
2020,1,wsh,49,0.412,,,,,
2020,2,atl,39,0.342,,,,,
2020,2,bal,53,0.393,,,,,
2020,2,buf,36,0.194,,,,,
2020,2,car,50,0.149,,,,,
2020,2,chi,41,0.438,,,,,
2020,2,cin,30,0.172,,,,,
2020,2,clv,39,0.435,,,,,
2020,2,dal,49,0.26,,,,,
2020,2,den,25,0.196,,,,,
2020,2,det,25,0.108,,,,,
2020,2,gb,40,0.129,,,,,
2020,2,ten,36,0.36,,,,,
2020,2,hou,29,0.2,,,,,
2020,2,ind,38,0.222,,,,,
2020,2,jax,32,0.277,,,,,
2020,2,kc,24,0.188,,,,,
2020,2,lar,40,0.536,,,,,
2020,2,lv,50,0.146,,,,,
2020,2,mia,51,0.08,,,,,
2020,2,min,18,0.241,,,,,
2020,2,ne,31,0.4,,,,,
2020,2,no,22,0.079,,,,,
2020,2,nyg,24,0.182,,,,,
2020,2,nyj,22,0.212,,,,,
2020,2,phi,29,0.256,,,,,
2020,2,ari,25,0.22,,,,,
2020,2,pit,32,0.143,,,,,
2020,2,lac,44,0.343,,,,,
2020,2,sf,46,0.2,,,,,
2020,2,sea,44,0.167,,,,,
2020,2,tb,33,0.171,,,,,
2020,2,wsh,36,0.081,,,,,
2020,3,atl,38,0.25,,,,,
2020,3,bal,35,0.25,,,,,
2020,3,buf,36,0.378,,,,,
2020,3,car,32,0.233,,,,,
2020,3,chi,28,0.245,,,,,
2020,3,cin,32,0.365,,,,,
2020,3,clv,46,0.32,,,,,
2020,3,dal,48,0.254,,,,,
2020,3,den,16,0.111,,,,,
2020,3,det,33,0.229,,,,,
2020,3,gb,40,0.515,,,,,
2020,3,ten,49,0.385,,,,,
2020,3,hou,20,0.063,,,,,
2020,3,ind,33,0.2,,,,,
2020,3,jax,19,0.13,,,,,
2020,3,kc,52,0.143,,,,,
2020,3,lar,48,0.529,,,,,
2020,3,lv,27,0.176,,,,,
2020,3,mia,32,0.286,,,,,
2020,3,min,29,0.207,,,,,
2020,3,ne,40,0.467,,,,,
2020,3,no,23,0.053,,,,,
2020,3,nyg,21,0.118,,,,,
2020,3,nyj,23,0.419,,,,,
2020,3,phi,46,0.26,,,,,
2020,3,ari,26,0.361,,,,,
2020,3,pit,45,0.289,,,,,
2020,3,lac,30,0.176,,,,,
2020,3,sf,61,0.474,,,,,
2020,3,sea,37,0.273,,,,,
2020,3,tb,36,0.125,,,,,
2020,3,wsh,37,0.325,,,,,
2020,4,atl,37,0.349,,,,,
2020,4,bal,47,0.375,,,,,
2020,4,buf,35,0.457,,,,,
2020,4,car,49,0.432,,,,,
2020,4,chi,20,0.233,,,,,
2020,4,cin,47,0.324,,,,,
2020,4,clv,49,0.333,,,,,
2020,4,dal,40,0.279,,,,,
2020,4,den,32,0.161,,,,,
2020,4,det,27,0.265,,,,,
2020,4,gb,32,0.176,,,,,
2020,4,hou,25,0.25,,,,,
2020,4,ind,37,0.1,,,,,
2020,4,jax,20,0.116,,,,,
2020,4,kc,39,0.133,,,,,
2020,4,lar,34,0.441,,,,,
2020,4,lv,40,0.217,,,,,
2020,4,mia,27,0.109,,,,,
2020,4,min,33,0.52,,,,,
2020,4,ne,40,0.282,,,,,
2020,4,no,41,0.296,,,,,
2020,4,nyg,29,0.244,,,,,
2020,4,nyj,6,0.1,,,,,
2020,4,phi,36,0.419,,,,,
2020,4,ari,20,0.25,,,,,
2020,4,lac,25,0.481,,,,,
2020,4,sf,50,0.32,,,,,
2020,4,sea,37,0.333,,,,,
2020,4,tb,41,0.196,,,,,
2020,4,wsh,45,0.292,,,,,
2020,5,atl,32,0.231,,,,,
2020,5,bal,41,0.211,,,,,
2020,5,buf,32,0.319,,,,,
2020,5,car,37,0.25,,,,,
2020,5,chi,26,0.267,,,,,
2020,5,cin,38,0.162,,,,,
2020,5,clv,47,0.359,,,,,
2020,5,dal,40,0.343,,,,,
2020,5,ten,40,0.357,,,,,
2020,5,hou,26,0.278,,,,,
2020,5,ind,22,0.206,,,,,
2020,5,jax,25,0.226,,,,,
2020,5,kc,40,0.174,,,,,
2020,5,lar,44,0.452,,,,,
2020,5,lv,47,0.406,,,,,
2020,5,mia,29,0.1,,,,,
2020,5,min,36,0.167,,,,,
2020,5,no,45,0.22,,,,,
2020,5,nyg,41,0.343,,,,,
2020,5,nyj,22,0.194,,,,,
2020,5,phi,24,0.171,,,,,
2020,5,ari,28,0.395,,,,,
2020,5,pit,35,0.114,,,,,
2020,5,lac,32,0.216,,,,,
2020,5,sf,45,0.275,,,,,
2020,5,sea,23,0.111,,,,,
2020,5,tb,30,0.182,,,,,
2020,5,wsh,26,0.211,,,,,
2020,6,atl,43,0.214,,,,,
2020,6,bal,55,0.4,,,,,
2020,6,buf,26,0.296,,,,,
2020,6,car,30,0.121,,,,,
2020,6,chi,25,0.256,,,,,
2020,6,cin,39,0.244,,,,,
2020,6,clv,34,0.25,,,,,
2020,6,dal,42,0.07,,,,,
2020,6,den,40,0.231,,,,,
2020,6,det,30,0.29,,,,,
2020,6,gb,37,0.325,,,,,
2020,6,ten,45,0.372,,,,,
2020,6,hou,31,0.25,,,,,
2020,6,ind,28,0.244,,,,,
2020,6,jax,24,0.156,,,,,
2020,6,kc,50,0.296,,,,,
2020,6,lar,39,0.237,,,,,
2020,6,mia,24,0.258,,,,,
2020,6,min,24,0.243,,,,,
2020,6,ne,25,0.29,,,,,
2020,6,nyg,33,0.5,,,,,
2020,6,nyj,41,0.128,,,,,
2020,6,phi,34,0.196,,,,,
2020,6,ari,30,0.36,,,,,
2020,6,pit,26,0.16,,,,,
2020,6,sf,54,0.303,,,,,
2020,6,tb,35,0.321,,,,,
2020,6,wsh,40,0.4,,,,,
2020,7,atl,38,0.205,,,,,
2020,7,buf,28,0.044,,,,,
2020,7,car,26,0.241,,,,,
2020,7,chi,22,0.159,,,,,
2020,7,cin,30,0.25,,,,,
2020,7,clv,32,0.241,,,,,
2020,7,dal,33,0.214,,,,,
2020,7,den,26,0.233,,,,,
2020,7,det,27,0.132,,,,,
2020,7,gb,37,0.235,,,,,
2020,7,ten,32,0.212,,,,,
2020,7,hou,29,0.143,,,,,
2020,7,jax,20,0.25,,,,,
2020,7,kc,31,0.345,,,,,
2020,7,lar,39,0.353,,,,,
2020,7,lv,38,0.231,,,,,
2020,7,ne,14,0.259,,,,,
2020,7,no,23,0.237,,,,,
2020,7,nyg,25,0.273,,,,,
2020,7,nyj,31,0.207,,,,,
2020,7,phi,26,0.261,,,,,
2020,7,ari,20,0.188,,,,,
2020,7,pit,43,0.041,,,,,
2020,7,lac,29,0.356,,,,,
2020,7,sf,50,0.654,,,,,
2020,7,sea,52,0.288,,,,,
2020,7,tb,34,0.222,,,,,
2020,7,wsh,48,0.481,,,,,
2020,8,atl,43,0.375,,,,,
2020,8,bal,60,0.188,,,,,
2020,8,buf,29,0.316,,,,,
2020,8,car,24,0.033,,,,,
2020,8,chi,26,0.326,,,,,
2020,8,cin,39,0.108,,,,,
2020,8,clv,27,0.32,,,,,
2020,8,dal,34,0.205,,,,,
2020,8,den,27,0.163,,,,,
2020,8,det,23,0.191,,,,,
2020,8,gb,35,0.357,,,,,
2020,8,ten,33,0.323,,,,,
2020,8,ind,39,0.389,,,,,
2020,8,kc,47,0.319,,,,,
2020,8,lar,53,0.19,,,,,
2020,8,lv,47,0.308,,,,,
2020,8,mia,33,0.217,,,,,
2020,8,min,31,0.333,,,,,
2020,8,ne,36,0.593,,,,,
2020,8,no,28,0.143,,,,,
2020,8,nyg,33,0.311,,,,,
2020,8,nyj,30,0.129,,,,,
2020,8,phi,39,0.375,,,,,
2020,8,pit,28,0,,,,,
2020,8,lac,30,0.217,,,,,
2020,8,sf,48,0.159,,,,,
2020,8,sea,37,0.359,,,,,
2020,8,tb,37,0.262,,,,,
2020,9,atl,25,0.351,,,,,
2020,9,bal,49,0.56,,,,,
2020,9,buf,22,0.222,,,,,
2020,9,car,44,0.173,,,,,
2020,9,chi,31,0.164,,,,,
2020,9,dal,39,0.075,,,,,
2020,9,den,31,0.122,,,,,
2020,9,det,31,0.298,,,,,
2020,9,gb,44,0.188,,,,,
2020,9,ten,41,0.333,,,,,
2020,9,hou,29,0.235,,,,,
2020,9,ind,22,0.182,,,,,
2020,9,jax,22,0.15,,,,,
2020,9,kc,44,0.362,,,,,
2020,9,lv,39,0.25,,,,,
2020,9,mia,27,0.323,,,,,
2020,9,min,29,0.524,,,,,
2020,9,ne,42,0.229,,,,,
2020,9,no,43,0.25,,,,,
2020,9,nyg,28,0.256,,,,,
2020,9,nyj,26,0.346,,,,,
2020,9,ari,20,0.444,,,,,
2020,9,pit,26,0.022,,,,,
2020,9,lac,30,0.25,,,,,
2020,9,sf,44,0.278,,,,,
2020,9,sea,33,0.196,,,,,
2020,9,tb,18,0.073,,,,,
2020,9,wsh,25,0.22,,,,,
2020,10,bal,45,0.25,,,,,
2020,10,buf,32,0.26,,,,,
2020,10,car,28,0.194,,,,,
2020,10,chi,15,0.152,,,,,
2020,10,cin,20,0.114,,,,,
2020,10,clv,33,0.238,,,,,
2020,10,den,28,0.163,,,,,
2020,10,det,33,0.294,,,,,
2020,10,gb,35,0.171,,,,,
2020,10,ten,44,0.393,,,,,
2020,10,hou,29,0.281,,,,,
2020,10,ind,27,0.1,,,,,
2020,10,jax,33,0.237,,,,,
2020,10,lar,39,0.475,,,,,
2020,10,lv,45,0.24,,,,,
2020,10,mia,26,0.52,,,,,
2020,10,min,31,0.216,,,,,
2020,10,ne,42,0.316,,,,,
2020,10,no,32,0.192,,,,,
2020,10,nyg,35,0.29,,,,,
2020,10,phi,25,0.225,,,,,
2020,10,ari,18,0.314,,,,,
2020,10,pit,33,0.109,,,,,
2020,10,lac,28,0.206,,,,,
2020,10,sf,49,0.122,,,,,
2020,10,sea,34,0.163,,,,,
2020,10,tb,49,0.2,,,,,
2020,10,wsh,40,0.193,,,,,
2020,11,atl,26,0.222,,,,,
2020,11,bal,41,0.267,,,,,
2020,11,car,52,0.222,,,,,
2020,11,cin,23,0.25,,,,,
2020,11,clv,47,0.4,,,,,
2020,11,dal,47,0.242,,,,,
2020,11,den,34,0.367,,,,,
2020,11,det,29,0.184,,,,,
2020,11,gb,27,0.205,,,,,
2020,11,ten,58,0.353,,,,,
2020,11,hou,32,0.243,,,,,
2020,11,ind,37,0.216,,,,,
2020,11,jax,19,0.154,,,,,
2020,11,kc,40,0.304,,,,,
2020,11,lar,38,0.235,,,,,
2020,11,lv,45,0.323,,,,,
2020,11,mia,22,0.091,,,,,
2020,11,min,32,0.375,,,,,
2020,11,ne,39,0.214,,,,,
2020,11,no,41,0.385,,,,,
2020,11,nyj,30,0.29,,,,,
2020,11,phi,29,0.225,,,,,
2020,11,ari,16,0.356,,,,,
2020,11,pit,37,0.109,,,,,
2020,11,lac,23,0.173,,,,,
2020,11,sea,33,0.355,,,,,
2020,11,tb,30,0.163,,,,,
2020,11,wsh,38,0.333,,,,,
2020,12,atl,32,0.25,,,,,
2020,12,bal,31,0.143,,,,,
2020,12,buf,22,0.571,,,,,
2020,12,car,52,0.333,,,,,
2020,12,chi,14,0.204,,,,,
2020,12,cin,10,0.226,,,,,
2020,12,clv,37,0.516,,,,,
2020,12,dal,18,0.154,,,,,
2020,12,den,1,0.4,,,,,
2020,12,det,39,0.213,,,,,
2020,12,gb,43,0.379,,,,,
2020,12,ten,47,0.522,,,,,
2020,12,hou,28,0.37,,,,,
2020,12,ind,25,0.174,,,,,
2020,12,jax,23,0.171,,,,,
2020,12,kc,52,0.346,,,,,
2020,12,lar,34,0.121,,,,,
2020,12,lv,29,0.227,,,,,
2020,12,mia,35,0.186,,,,,
2020,12,min,22,0.213,,,,,
2020,12,ne,25,0.238,,,,,
2020,12,no,28,0.316,,,,,
2020,12,nyg,33,0.211,,,,,
2020,12,nyj,22,0.267,,,,,
2020,12,phi,28,0.365,,,,,
2020,12,ari,34,0.222,,,,,
2020,12,pit,33,0.039,,,,,
2020,12,lac,35,0.2,,,,,
2020,12,sf,58,0.189,,,,,
2020,12,sea,38,0.333,,,,,
2020,12,tb,27,0.119,,,,,
2020,12,wsh,47,0.433,,,,,
2020,13,atl,30,0.167,,,,,
2020,13,bal,45,0.471,,,,,
2020,13,buf,32,0.341,,,,,
2020,13,chi,32,0.306,,,,,
2020,13,cin,21,0.333,,,,,
2020,13,clv,45,0.324,,,,,
2020,13,dal,39,0.143,,,,,
2020,13,den,38,0.357,,,,,
2020,13,det,22,0.182,,,,,
2020,13,gb,39,0.389,,,,,
2020,13,ten,23,0.292,,,,,
2020,13,hou,23,0.14,,,,,
2020,13,ind,36,0.289,,,,,
2020,13,jax,36,0.227,,,,,
2020,13,kc,48,0.415,,,,,
2020,13,lar,39,0.354,,,,,
2020,13,lv,49,0.061,,,,,
2020,13,mia,48,0.282,,,,,
2020,13,min,38,0.277,,,,,
2020,13,ne,36,0.391,,,,,
2020,13,no,33,0.205,,,,,
2020,13,nyg,16,0.375,,,,,
2020,13,nyj,40,0.269,,,,,
2020,13,phi,27,0.294,,,,,
2020,13,ari,18,0.073,,,,,
2020,13,pit,30,0.019,,,,,
2020,13,lac,26,0.071,,,,,
2020,13,sf,42,0.308,,,,,
2020,13,sea,28,0.229,,,,,
2020,13,wsh,35,0.122,,,,,
2020,14,atl,33,0.229,,,,,
2020,14,bal,41,0.32,,,,,
2020,14,buf,26,0.227,,,,,
2020,14,car,46,0.159,,,,,
2020,14,chi,29,0.417,,,,,
2020,14,cin,34,0.275,,,,,
2020,14,clv,36,0.333,,,,,
2020,14,dal,37,0.32,,,,,
2020,14,den,31,0.429,,,,,
2020,14,det,29,0.25,,,,,
2020,14,gb,31,0.364,,,,,
2020,14,ten,39,0.4,,,,,
2020,14,hou,26,0.189,,,,,
2020,14,ind,28,0.25,,,,,
2020,14,jax,19,0.13,,,,,
2020,14,kc,42,0.297,,,,,
2020,14,lar,31,0.385,,,,,
2020,14,lv,40,0.239,,,,,
2020,14,mia,33,0.302,,,,,
2020,14,min,41,0.326,,,,,
2020,14,ne,20,0.207,,,,,
2020,14,no,26,0.186,,,,,
2020,14,nyg,27,0.219,,,,,
2020,14,nyj,29,0.241,,,,,
2020,14,phi,33,0.233,,,,,
2020,14,ari,28,0.444,,,,,
2020,14,pit,25,0.079,,,,,
2020,14,lac,33,0.289,,,,,
2020,14,sf,61,0.265,,,,,
2020,14,sea,39,0.212,,,,,
2020,14,tb,30,0.261,,,,,
2020,14,wsh,32,0.294,,,,,
2020,15,atl,35,0.308,,,,,
2020,15,bal,41,0.37,,,,,
2020,15,buf,32,0.39,,,,,
2020,15,car,32,0.184,,,,,
2020,15,chi,34,0.636,,,,,
2020,15,cin,24,0.067,,,,,
2020,15,clv,41,0.394,,,,,
2020,15,dal,38,0.167,,,,,
2020,15,den,28,0.257,,,,,
2020,15,det,36,0.316,,,,,
2020,15,gb,33,0.265,,,,,
2020,15,ten,35,0.393,,,,,
2020,15,hou,29,0.239,,,,,
2020,15,ind,32,0.167,,,,,
2020,15,jax,29,0.206,,,,,
2020,15,kc,56,0.373,,,,,
2020,15,lar,33,0.378,,,,,
2020,15,lv,52,0.235,,,,,
2020,15,mia,45,0.393,,,,,
2020,15,min,24,0.211,,,,,
2020,15,ne,20,0.367,,,,,
2020,15,no,20,0.057,,,,,
2020,15,nyg,24,0.242,,,,,
2020,15,nyj,25,0.182,,,,,
2020,15,phi,38,0.26,,,,,
2020,15,ari,28,0.395,,,,,
2020,15,pit,31,0.154,,,,,
2020,15,lac,31,0.364,,,,,
2020,15,sf,60,0.378,,,,,
2020,15,sea,39,0.259,,,,,
2020,15,tb,39,0.229,,,,,
2020,15,wsh,34,0.22,,,,,
2020,16,atl,34,0.256,,,,,
2020,16,bal,41,0.385,,,,,
2020,16,buf,31,0.35,,,,,
2020,16,car,38,0.219,,,,,
2020,16,chi,30,0.405,,,,,
2020,16,cin,28,0.395,,,,,
2020,16,clv,30,0.105,,,,,
2020,16,dal,40,0.219,,,,,
2020,16,den,28,0.224,,,,,
2020,16,det,21,0.086,,,,,
2020,16,gb,39,0.346,,,,,
2020,16,ten,36,0.214,,,,,
2020,16,hou,30,0.265,,,,,
2020,16,ind,43,0.154,,,,,
2020,16,jax,30,0.158,,,,,
2020,16,kc,38,0.289,,,,,
2020,16,lar,37,0.196,,,,,
2020,16,lv,42,0.324,,,,,
2020,16,mia,34,0.289,,,,,
2020,16,min,21,0.302,,,,,
2020,16,ne,19,0.25,,,,,
2020,16,no,34,0.25,,,,,
2020,16,nyg,28,0.255,,,,,
2020,16,nyj,35,0.229,,,,,
2020,16,phi,36,0.262,,,,,
2020,16,ari,34,0.283,,,,,
2020,16,pit,26,0.06,,,,,
2020,16,lac,25,0.314,,,,,
2020,16,sf,44,0.32,,,,,
2020,16,sea,45,0.216,,,,,
2020,16,tb,45,0.205,,,,,
2020,16,wsh,21,0.1,,,,,
2020,17,atl,49,0.244,,,,,
2020,17,bal,57,0.526,,,,,
2020,17,buf,26,0.333,,,,,
2020,17,car,45,0.275,,,,,
2020,17,chi,37,0.395,,,,,
2020,17,cin,28,0.238,,,,,
2020,17,clv,41,0.129,,,,,
2020,17,dal,49,0.208,,,,,
2020,17,den,38,0.14,,,,,
2020,17,det,26,0.344,,,,,
2020,17,gb,30,0.28,,,,,
2020,17,ten,56,0.345,,,,,
2020,17,hou,34,0.341,,,,,
2020,17,ind,32,0.333,,,,,
2020,17,jax,29,0.229,,,,,
2020,17,kc,39,0.394,,,,,
2020,17,lar,36,0.2,,,,,
2020,17,lv,37,0.049,,,,,
2020,17,mia,31,0.133,,,,,
2020,17,min,36,0.395,,,,,
2020,17,ne,25,0.176,,,,,
2020,17,no,26,0.176,,,,,
2020,17,nyg,26,0.333,,,,,
2020,17,nyj,45,0.297,,,,,
2020,17,phi,27,0.167,,,,,
2020,17,ari,20,0.355,,,,,
2020,17,pit,42,0.133,,,,,
2020,17,lac,21,0.441,,,,,
2020,17,sf,47,0.125,,,,,
2020,17,sea,44,0.263,,,,,
2020,17,tb,42,0.167,,,,,
2020,17,wsh,43,0.143,,,,,
2021,1,atl,34,0.263,,,,,
2021,1,bal,43,0.364,,,,,
2021,1,buf,23,0.167,,,,,
2021,1,car,44,0.278,,,,,
2021,1,chi,42,0.14,,,,,
2021,1,cin,42,0.281,,,,,
2021,1,clv,33,0.267,,,,,
2021,1,dal,47,0.288,,,,,
2021,1,den,43,0.342,,,,,
2021,1,det,32,0.133,,,,,
2021,1,gb,28,0.189,,,,,
2021,1,ten,26,0.071,,,,,
2021,1,hou,47,0.324,,,,,
2021,1,ind,31,0.171,,,,,
2021,1,jax,24,0.192,,,,,
2021,1,kc,43,0.289,,,,,
2021,1,lar,21,0.296,,,,,
2021,1,lv,51,0.051,,,,,
2021,1,mia,35,0.345,,,,,
2021,1,min,23,0.132,,,,,
2021,1,ne,35,0.225,,,,,
2021,1,no,33,0.429,,,,,
2021,1,nyg,32,0.179,,,,,
2021,1,nyj,49,0.186,,,,,
2021,1,phi,16,0.139,,,,,
2021,1,ari,27,0.235,,,,,
2021,1,pit,27,0.265,,,,,
2021,1,lac,29,0.286,,,,,
2021,1,sf,49,0.519,,,,,
2021,1,sea,30,0.423,,,,,
2021,1,tb,43,0.12,,,,,
2021,1,wsh,31,0.364,,,,,
2021,2,atl,47,0.204,,,,,
2021,2,bal,50,0.37,,,,,
2021,2,buf,38,0.382,,,,,
2021,2,car,53,0.2,,,,,
2021,2,chi,25,0.222,,,,,
2021,2,cin,23,0.2,,,,,
2021,2,clv,41,0.304,,,,,
2021,2,dal,44,0.276,,,,,
2021,2,den,31,0.432,,,,,
2021,2,det,33,0.189,,,,,
2021,2,gb,37,0.4,,,,,
2021,2,ten,43,0.302,,,,,
2021,2,hou,26,0.267,,,,,
2021,2,ind,28,0.231,,,,,
2021,2,jax,25,0.265,,,,,
2021,2,kc,40,0.323,,,,,
2021,2,lar,37,0.355,,,,,
2021,2,lv,44,0.103,,,,,
2021,2,mia,35,0.1,,,,,
2021,2,min,35,0.242,,,,,
2021,2,ne,27,0.364,,,,,
2021,2,no,23,0.115,,,,,
2021,2,nyg,21,0.278,,,,,
2021,2,nyj,40,0.324,,,,,
2021,2,phi,25,0.423,,,,,
2021,2,ari,23,0.385,,,,,
2021,2,pit,24,0.119,,,,,
2021,2,lac,37,0.326,,,,,
2021,2,sf,58,0.367,,,,,
2021,2,sea,23,0.235,,,,,
2021,2,tb,44,0.333,,,,,
2021,2,wsh,39,0.319,,,,,
2021,3,atl,44,0.333,,,,,
2021,3,bal,39,0.286,,,,,
2021,3,buf,40,0.318,,,,,
2021,3,car,40,0.351,,,,,
2021,3,chi,11,0.276,,,,,
2021,3,cin,15,0.056,,,,,
2021,3,clv,46,0.25,,,,,
2021,3,dal,46,0.3,,,,,
2021,3,den,42,0.333,,,,,
2021,3,det,32,0.242,,,,,
2021,3,gb,30,0.088,,,,,
2021,3,ten,52,0.321,,,,,
2021,3,hou,18,0.125,,,,,
2021,3,ind,40,0.205,,,,,
2021,3,jax,23,0.243,,,,,
2021,3,kc,58,0.261,,,,,
2021,3,lar,26,0.128,,,,,
2021,3,lv,57,0.087,,,,,
2021,3,mia,27,0.216,,,,,
2021,3,min,36,0.205,,,,,
2021,3,ne,36,0.113,,,,,
2021,3,no,27,0.292,,,,,
2021,3,nyg,20,0.297,,,,,
2021,3,nyj,39,0.15,,,,,
2021,3,phi,17,0.268,,,,,
2021,3,ari,31,0.412,,,,,
2021,3,pit,30,0.081,,,,,
2021,3,lac,32,0.282,,,,,
2021,3,sf,60,0.318,,,,,
2021,3,sea,29,0.206,,,,,
2021,3,tb,39,0.155,,,,,
2021,3,wsh,24,0.24,,,,,
2021,4,atl,42,0.256,,,,,
2021,4,bal,40,0.4,,,,,
2021,4,buf,36,0.313,,,,,
2021,4,car,46,0.205,,,,,
2021,4,chi,20,0.389,,,,,
2021,4,cin,28,0.273,,,,,
2021,4,clv,57,0.25,,,,,
2021,4,dal,33,0.318,,,,,
2021,4,den,29,0.238,,,,,
2021,4,det,32,0.167,,,,,
2021,4,gb,35,0.179,,,,,
2021,4,ten,50,0.196,,,,,
2021,4,hou,19,0.167,,,,,
2021,4,ind,41,0.176,,,,,
2021,4,jax,31,0.32,,,,,
2021,4,kc,49,0.419,,,,,
2021,4,lar,32,0.171,,,,,
2021,4,lv,30,0.184,,,,,
2021,4,mia,24,0.152,,,,,
2021,4,min,30,0.2,,,,,
2021,4,ne,38,0.261,,,,,
2021,4,no,46,0.269,,,,,
2021,4,nyg,11,0.325,,,,,
2021,4,nyj,45,0.343,,,,,
2021,4,phi,22,0.294,,,,,
2021,4,ari,26,0.257,,,,,
2021,4,pit,29,0.214,,,,,
2021,4,lac,28,0.268,,,,,
2021,4,sf,54,0.302,,,,,
2021,4,sea,26,0.385,,,,,
2021,4,tb,42,0.227,,,,,
2021,4,wsh,36,0.529,,,,,
2021,5,atl,50,0.413,,,,,
2021,5,bal,31,0.178,,,,,
2021,5,buf,34,0.423,,,,,
2021,5,car,44,0.2,,,,,
2021,5,chi,31,0.261,,,,,
2021,5,cin,32,0.22,,,,,
2021,5,clv,37,0.152,,,,,
2021,5,dal,33,0.229,,,,,
2021,5,den,25,0.1,,,,,
2021,5,det,30,0.256,,,,,
2021,5,gb,46,0.293,,,,,
2021,5,ten,45,0.36,,,,,
2021,5,hou,31,0.219,,,,,
2021,5,ind,31,0.405,,,,,
2021,5,jax,31,0.286,,,,,
2021,5,kc,49,0.214,,,,,
2021,5,lar,37,0.132,,,,,
2021,5,lv,33,0.184,,,,,
2021,5,mia,29,0.167,,,,,
2021,5,min,36,0.278,,,,,
2021,5,ne,48,0.355,,,,,
2021,5,no,25,0.25,,,,,
2021,5,nyg,29,0.154,,,,,
2021,5,nyj,38,0.412,,,,,
2021,5,phi,25,0.256,,,,,
2021,5,ari,26,394,,,,,
2021,5,pit,32,0.115,,,,,
2021,5,lac,19,0.289,,,,,
2021,5,sf,48,0.258,,,,,
2021,5,sea,26,0.086,,,,,
2021,5,tb,43,0.261,,,,,
2021,5,wsh,49,0.349,,,,,
2021,6,bal,49,0.4,,,,,
2021,6,buf,21,0.38,,,,,
2021,6,car,45,0.156,,,,,
2021,6,chi,29,0.258,,,,,
2021,6,cin,32,0.344,,,,,
2021,6,clv,32,0.139,,,,,
2021,6,dal,30,0.255,,,,,
2021,6,den,27,0.148,,,,,
2021,6,det,25,0.07,,,,,
2021,6,gb,35,0.346,,,,,
2021,6,ten,42,0.31,,,,,
2021,6,hou,27,0.244,,,,,
2021,6,ind,22,0.545,,,,,
2021,6,jax,31,0.279,,,,,
2021,6,kc,52,0.2,,,,,
2021,6,lar,36,0.281,,,,,
2021,6,lv,27,0.31,,,,,
2021,6,mia,40,0.375,,,,,
2021,6,min,39,0.208,,,,,
2021,6,ne,35,0.261,,,,,
2021,6,nyg,20,0.218,,,,,
2021,6,phi,15,0.393,,,,,
2021,6,ari,25,0.281,,,,,
2021,6,pit,33,0.22,,,,,
2021,6,lac,26,0.317,,,,,
2021,6,sea,25,0.27,,,,,
2021,6,tb,49,0.286,,,,,
2021,6,wsh,34,0.333,,,,,
2021,7,atl,34,0.244,,,,,
2021,7,bal,42,0.255,,,,,
2021,7,car,18,0.244,,,,,
2021,7,chi,32,0.139,,,,,
2021,7,cin,36,0.128,,,,,
2021,7,clv,42,0.382,,,,,
2021,7,den,27,0.2,,,,,
2021,7,det,29,0.128,,,,,
2021,7,gb,29,0.368,,,,,
2021,7,ten,48,0.345,,,,,
2021,7,hou,18,0.176,,,,,
2021,7,ind,35,0.407,,,,,
2021,7,kc,27,0.073,,,,,
2021,7,lar,35,0.286,,,,,
2021,7,lv,30,0.265,,,,,
2021,7,mia,22,0.366,,,,,
2021,7,ne,47,0.381,,,,,
2021,7,no,17,0.297,,,,,
2021,7,nyg,37,0.472,,,,,
2021,7,nyj,36,0.068,,,,,
2021,7,phi,33,0.194,,,,,
2021,7,ari,29,0.438,,,,,
2021,7,sf,43,0.379,,,,,
2021,7,sea,28,0.296,,,,,
2021,7,tb,51,0.103,,,,,
2021,7,wsh,34,0.122,,,,,
2021,8,atl,35,0.267,,,,,
2021,8,buf,29,0.233,,,,,
2021,8,car,31,0.28,,,,,
2021,8,chi,34,0.258,,,,,
2021,8,cin,30,0.211,,,,,
2021,8,clv,39,0.229,,,,,
2021,8,dal,22,0.227,,,,,
2021,8,den,24,0.3,,,,,
2021,8,det,18,0.175,,,,,
2021,8,gb,50,0.342,,,,,
2021,8,ten,46,0.351,,,,,
2021,8,hou,11,0.136,,,,,
2021,8,ind,34,0.346,,,,,
2021,8,jax,18,0.218,,,,,
2021,8,kc,60,0.28,,,,,
2021,8,lar,43,0.343,,,,,
2021,8,mia,29,0.317,,,,,
2021,8,min,35,0.378,,,,,
2021,8,ne,35,0.25,,,,,
2021,8,no,30,0.25,,,,,
2021,8,nyg,25,0.333,,,,,
2021,8,nyj,49,0.196,,,,,
2021,8,phi,19,0.313,,,,,
2021,8,ari,28,0.229,,,,,
2021,8,pit,28,0.216,,,,,
2021,8,lac,22,0.132,,,,,
2021,8,sf,36,0.143,,,,,
2021,8,sea,29,0.259,,,,,
2021,8,tb,30,0.136,,,,,
2021,8,wsh,43,0.205,,,,,
2021,9,atl,38,0.281,,,,,
2021,9,bal,46,0.409,,,,,
2021,9,buf,27,0.255,,,,,
2021,9,car,39,0.235,,,,,
2021,9,chi,21,0.188,,,,,
2021,9,cin,39,0.213,,,,,
2021,9,clv,34,0.304,,,,,
2021,9,dal,23,0.122,,,,,
2021,9,den,41,0.313,,,,,
2021,9,gb,30,0.2,,,,,
2021,9,ten,30,0.367,,,,,
2021,9,hou,30,0.286,,,,,
2021,9,ind,32,0.484,,,,,
2021,9,jax,34,0.2,,,,,
2021,9,kc,53,0.211,,,,,
2021,9,lar,35,0.151,,,,,
2021,9,lv,33,0.149,,,,,
2021,9,mia,30,0.255,,,,,
2021,9,min,32,0.25,,,,,
2021,9,ne,35,0.3,,,,,
2021,9,no,23,0.227,,,,,
2021,9,nyg,29,0.304,,,,,
2021,9,nyj,45,0.13,,,,,
2021,9,phi,14,0.389,,,,,
2021,9,ari,38,0.379,,,,,
2021,9,pit,34,0.235,,,,,
2021,9,lac,26,0.263,,,,,
2021,9,sf,39,0.089,,,,,
2021,10,atl,25,0.345,,,,,
2021,10,bal,44,0.17,,,,,
2021,10,buf,19,0.567,,,,,
2021,10,car,39,0.121,,,,,
2021,10,clv,27,0.053,,,,,
2021,10,dal,53,0.229,,,,,
2021,10,den,21,0.081,,,,,
2021,10,det,33,0.31,,,,,
2021,10,gb,52,0.237,,,,,
2021,10,ten,36,0.172,,,,,
2021,10,ind,34,0.257,,,,,
2021,10,jax,24,0.158,,,,,
2021,10,kc,56,0.275,,,,,
2021,10,lar,17,0.136,,,,,
2021,10,lv,18,0.27,,,,,
2021,10,mia,40,0.35,,,,,
2021,10,min,34,0.282,,,,,
2021,10,ne,40,0.25,,,,,
2021,10,no,28,0.125,,,,,
2021,10,nyj,37,0.125,,,,,
2021,10,phi,25,0.28,,,,,
2021,10,ari,19,0.273,,,,,
2021,10,pit,42,0.14,,,,,
2021,10,lac,27,0.306,,,,,
2021,10,sf,53,0.05,,,,,
2021,10,sea,16,0.209,,,,,
2021,10,tb,30,0.206,,,,,
2021,10,wsh,51,0.432,,,,,
2021,11,atl,29,0.222,,,,,
2021,11,bal,53,0.19,,,,,
2021,11,buf,30,0.22,,,,,
2021,11,car,34,0.071,,,,,
2021,11,chi,33,0.243,,,,,
2021,11,cin,46,0.188,,,,,
2021,11,clv,46,0.333,,,,,
2021,11,dal,32,0.229,,,,,
2021,11,det,17,0.304,,,,,
2021,11,gb,27,0.286,,,,,
2021,11,ten,38,0.111,,,,,
2021,11,hou,30,0.25,,,,,
2021,11,ind,48,0.4,,,,,
2021,11,jax,14,0.25,,,,,
2021,11,kc,50,0.35,,,,,
2021,11,lv,25,0.172,,,,,
2021,11,mia,46,0.5,,,,,
2021,11,min,44,0.297,,,,,
2021,11,ne,29,0.276,,,,,
2021,11,no,22,0.2,,,,,
2021,11,nyg,28,0.317,,,,,
2021,11,nyj,46,0.171,,,,,
2021,11,phi,34,0.259,,,,,
2021,11,ari,32,0.326,,,,,
2021,11,pit,28,0.149,,,,,
2021,11,lac,29,0.209,,,,,
2021,11,sf,54,0.417,,,,,
2021,11,sea,24,0.2,,,,,
2021,11,tb,47,0.245,,,,,
2021,11,wsh,46,0.44,,,,,
2021,12,atl,43,0.167,,,,,
2021,12,bal,48,0.353,,,,,
2021,12,buf,37,0.467,,,,,
2021,12,car,25,0.139,,,,,
2021,12,chi,40,0.225,,,,,
2021,12,cin,43,0.222,,,,,
2021,12,clv,33,0.2,,,,,
2021,12,dal,35,0.083,,,,,
2021,12,den,35,0.239,,,,,
2021,12,det,25,0.192,,,,,
2021,12,gb,45,0.087,,,,,
2021,12,ten,33,0.217,,,,,
2021,12,hou,31,0.258,,,,,
2021,12,ind,31,0.404,,,,,
2021,12,jax,20,0.279,,,,,
2021,12,lar,21,0.171,,,,,
2021,12,lv,36,0.286,,,,,
2021,12,mia,57,0.424,,,,,
2021,12,min,31,0.265,,,,,
2021,12,ne,35,0.353,,,,,
2021,12,no,24,0.219,,,,,
2021,12,nyg,26,0.226,,,,,
2021,12,nyj,51,0.25,,,,,
2021,12,phi,22,0.219,,,,,
2021,12,pit,19,0.136,,,,,
2021,12,lac,20,0.106,,,,,
2021,12,sf,55,0.107,,,,,
2021,12,sea,23,0.333,,,,,
2021,12,tb,32,0.222,,,,,
2021,12,wsh,44,0.361,,,,,
2021,13,atl,41,0.196,,,,,
2021,13,bal,39,0.227,,,,,
2021,13,buf,27,0.25,,,,,
2021,13,chi,28,0.159,,,,,
2021,13,cin,31,0.174,,,,,
2021,13,dal,32,0.293,,,,,
2021,13,den,27,0.22,,,,,
2021,13,det,43,0.273,,,,,
2021,13,hou,16,0.323,,,,,
2021,13,ind,54,0.391,,,,,
2021,13,jax,19,0.167,,,,,
2021,13,kc,36,0.267,,,,,
2021,13,lar,40,0.256,,,,,
2021,13,lv,30,0.2,,,,,
2021,13,mia,48,0.372,,,,,
2021,13,min,35,0.386,,,,,
2021,13,ne,27,0.333,,,,,
2021,13,no,35,0.349,,,,,
2021,13,nyg,33,0.234,,,,,
2021,13,nyj,35,0.225,,,,,
2021,13,phi,37,0.296,,,,,
2021,13,ari,25,0.25,,,,,
2021,13,pit,22,0.313,,,,,
2021,13,lac,29,0.41,,,,,
2021,13,sf,47,0.258,,,,,
2021,13,sea,23,341,,,,,
2021,13,tb,28,0.137,,,,,
2021,13,wsh,42,0.387,,,,,
2021,14,atl,58,0.286,,,,,
2021,14,bal,24,0.087,,,,,
2021,14,buf,33,0.228,,,,,
2021,14,car,25,0.25,,,,,
2021,14,chi,18,0.143,,,,,
2021,14,cin,30,0.179,,,,,
2021,14,clv,42,0.375,,,,,
2021,14,dal,31,0.163,,,,,
2021,14,den,39,0.269,,,,,
2021,14,det,30,0.317,,,,,
2021,14,gb,49,0.325,,,,,
2021,14,ten,54,0.257,,,,,
2021,14,hou,34,0.235,,,,,
2021,14,jax,14,0.14,,,,,
2021,14,kc,45,0.333,,,,,
2021,14,lar,27,0.242,,,,,
2021,14,lv,22,0.122,,,,,
2021,14,min,30,0.194,,,,,
2021,14,no,27,0.333,,,,,
2021,14,nyg,23,0.179,,,,,
2021,14,nyj,39,0.111,,,,,
2021,14,ari,26,0.226,,,,,
2021,14,pit,20,0.178,,,,,
2021,14,lac,34,0.303,,,,,
2021,14,sf,60,0.261,,,,,
2021,14,sea,23,0.429,,,,,
2021,14,tb,43,0.104,,,,,
2021,14,wsh,30,0.231,,,,,
2021,15,atl,39,0.343,,,,,
2021,15,bal,30,0.171,,,,,
2021,15,buf,33,0.395,,,,,
2021,15,car,19,0.286,,,,,
2021,15,chi,27,0.119,,,,,
2021,15,cin,31,0.2,,,,,
2021,15,clv,31,0.2,,,,,
2021,15,dal,27,0.35,,,,,
2021,15,den,44,0.243,,,,,
2021,15,det,43,0.25,,,,,
2021,15,gb,33,0.382,,,,,
2021,15,ten,41,0.278,,,,,
2021,15,hou,24,0.161,,,,,
2021,15,ind,37,0.462,,,,,
2021,15,jax,26,0.22,,,,,
2021,15,kc,52,0.229,,,,,
2021,15,lar,31,0.333,,,,,
2021,15,lv,31,0.2,,,,,
2021,15,mia,48,0.571,,,,,
2021,15,min,28,0.214,,,,,
2021,15,ne,44,0.109,,,,,
2021,15,no,27,0.138,,,,,
2021,15,nyg,28,0.108,,,,,
2021,15,nyj,40,0.3,,,,,
2021,15,phi,44,0.552,,,,,
2021,15,ari,21,0.154,,,,,
2021,15,pit,26,0.179,,,,,
2021,15,lac,40,0.385,,,,,
2021,15,sf,50,0.417,,,,,
2021,15,sea,18,0.206,,,,,
2021,15,tb,29,0.115,,,,,
2021,15,wsh,31,0.333,,,,,
2021,16,atl,31,0.269,,,,,
2021,16,bal,16,0.171,,,,,
2021,16,buf,53,0.319,,,,,
2021,16,car,35,0.154,,,,,
2021,16,chi,35,0.231,,,,,
2021,16,cin,35,0.143,,,,,
2021,16,clv,39,0.244,,,,,
2021,16,dal,35,0.267,,,,,
2021,16,den,27,0.25,,,,,
2021,16,det,46,0.2,,,,,
2021,16,gb,36,0.206,,,,,
2021,16,ten,35,0.235,,,,,
2021,16,hou,29,0.214,,,,,
2021,16,ind,34,0.367,,,,,
2021,16,jax,42,0.35,,,,,
2021,16,kc,57,0.25,,,,,
2021,16,lar,47,0.324,,,,,
2021,16,lv,38,0.222,,,,,
2021,16,mia,40,0.276,,,,,
2021,16,min,33,0.171,,,,,
2021,16,ne,26,0.333,,,,,
2021,16,no,17,0.286,,,,,
2021,16,nyg,32,0.217,,,,,
2021,16,nyj,46,0.348,,,,,
2021,16,phi,34,0.433,,,,,
2021,16,ari,19,0.163,,,,,
2021,16,pit,12,0.2,,,,,
2021,16,lac,25,0.306,,,,,
2021,16,sf,40,0.189,,,,,
2021,16,sea,24,0.207,,,,,
2021,16,tb,42,0.194,,,,,
2021,16,wsh,32,0.162,,,,,
2021,17,atl,33,0.321,,,,,
2021,17,bal,29,0.135,,,,,
2021,17,buf,41,0.37,,,,,
2021,17,car,34,0.273,,,,,
2021,17,chi,41,0.316,,,,,
2021,17,cin,33,0.045,,,,,
2021,17,clv,35,0.106,,,,,
2021,17,dal,23,0.225,,,,,
2021,17,den,28,0.207,,,,,
2021,17,det,28,0.351,,,,,
2021,17,gb,42,0.286,,,,,
2021,17,ten,46,0.579,,,,,
2021,17,hou,19,0.114,,,,,
2021,17,ind,26,0.25,,,,,
2021,17,jax,32,0.276,,,,,
2021,17,kc,50,0.286,,,,,
2021,17,lar,38,0.306,,,,,
2021,17,lv,33,0.176,,,,,
2021,17,mia,33,0.395,,,,,
2021,17,min,21,0.146,,,,,
2021,17,ne,50,0.176,,,,,
2021,17,no,22,0.133,,,,,
2021,17,nyg,24,0.2,,,,,
2021,17,nyj,45,0.235,,,,,
2021,17,phi,36,0.481,,,,,
2021,17,ari,25,0.25,,,,,
2021,17,pit,32,0.188,,,,,
2021,17,lac,24,0.29,,,,,
2021,17,sf,49,0.333,,,,,
2021,17,sea,34,0.5,,,,,
2021,17,tb,40,0.137,,,,,
2021,17,wsh,40,0.256,,,,,
2021,18,atl,18,0.222,,,,,
2021,18,bal,37,0.2,,,,,
2021,18,buf,35,0.326,,,,,
2021,18,car,40,0.267,,,,,
2021,18,chi,46,0.182,,,,,
2021,18,cin,22,0.212,,,,,
2021,18,clv,42,0.24,,,,,
2021,18,dal,44,0.241,,,,,
2021,18,den,32,0.269,,,,,
2021,18,det,43,0.212,,,,,
2021,18,gb,37,0.231,,,,,
2021,18,ten,44,0.424,,,,,
2021,18,hou,23,0.286,,,,,
2021,18,ind,24,0.2,,,,,
2021,18,jax,42,0.273,,,,,
2021,18,kc,58,0.2,,,,,
2021,18,lar,40,0.189,,,,,
2021,18,lv,44,0.175,,,,,
2021,18,mia,49,0.478,,,,,
2021,18,min,25,0.36,,,,,
2021,18,ne,35,0.281,,,,,
2021,18,no,40,0.32,,,,,
2021,18,nyg,26,0.206,,,,,
2021,18,nyj,34,0.241,,,,,
2021,18,phi,43,0.27,,,,,
2021,18,ari,26,0.159,,,,,
2021,18,pit,37,0.156,,,,,
2021,18,lac,31,0.134,,,,,
2021,18,sf,55,0.139,,,,,
2021,18,sea,31,0.185,,,,,
2021,18,tb,35,0.075,,,,,
2021,18,wsh,48,0.333,,,,,
